{"cameraMode":{"drawMode":0,"name":"Shaded","section":"Shading Mode"},"sceneLighting":false,"audioPlay":false,"sceneViewState":{"showFog":true,"showMaterialUpdate":false,"showSkybox":false,"showFlares":true,"showImageEffects":true,"showParticleSystems":true},"in2DMode":false,"pivot":{"x":-2.369631290435791,"y":0.0,"z":0.7458510398864746},"rotation":{"x":-0.02647188864648342,"y":0.9612975120544434,"z":-0.25552940368652346,"w":-0.0995548665523529},"size":29.878334045410158,"orthographic":false}